{"countries":{"Afghanistan":{"total_killed":314,"jihadis_killed":106,"civilians_killed":48,"military_killed":93,"police_killed":43,"officials_killed":12,"children_killed":0,"attacks_number":68,"report_numbers":[1,5,6,7,8,9,10,11,12,13,14,15,16,17,18,19,20,21,22,23,24,25,48,51,52,53,54,60,67,68,69,73,80,81,99,118,119,120,122,126,128,129,134,135,136,149,150,164,177,181,182,191,192,193,194,203,204,205,207,212,213,214,219,221,222,226,238,239],"total_world_killed_percent":15.914850481500252,"total_world_attacks_percent":28.8135593220339},"Iraq":{"total_killed":456,"jihadis_killed":null,"civilians_killed":null,"military_killed":null,"police_killed":null,"officials_killed":null,"children_killed":null,"attacks_number":38,"report_numbers":[2,26,27,28,58,59,62,74,75,76,77,84,85,103,111,112,113,114,115,117,160,161,162,163,169,171,172,175,189,190,215,216,223,230,233,234,236,237],"total_world_killed_percent":23.112012164216928,"total_world_attacks_percent":16.101694915254235},"Yemen":{"total_killed":81,"jihadis_killed":36,"civilians_killed":14,"military_killed":31,"police_killed":0,"officials_killed":0,"children_killed":0,"attacks_number":5,"report_numbers":[3,4,168,170,187],"total_world_killed_percent":4.1054232133806385,"total_world_attacks_percent":2.11864406779661},"Pakistan":{"total_killed":194,"jihadis_killed":75,"civilians_killed":75,"military_killed":25,"police_killed":4,"officials_killed":1,"children_killed":2,"attacks_number":29,"report_numbers":[29,47,50,70,88,89,90,91,93,94,131,132,133,138,139,140,146,159,174,179,180,198,208,209,210,211,218,220,227],"total_world_killed_percent":9.83274201723264,"total_world_attacks_percent":12.288135593220339},"Nigeria":{"total_killed":414,"jihadis_killed":88,"civilians_killed":248,"military_killed":3,"police_killed":3,"officials_killed":0,"children_killed":57,"attacks_number":17,"report_numbers":[30,44,82,97,98,102,121,148,165,183,184,195,201,202,217,224,225],"total_world_killed_percent":20.983274201723265,"total_world_attacks_percent":7.203389830508475},"Syria":{"total_killed":353,"jihadis_killed":65,"civilians_killed":141,"military_killed":146,"police_killed":0,"officials_killed":0,"children_killed":2,"attacks_number":44,"report_numbers":[31,32,33,34,35,36,37,38,39,57,63,64,78,87,104,105,106,107,108,109,110,116,123,124,125,130,141,151,152,153,154,155,156,157,158,166,185,186,188,196,197,229,232,235],"total_world_killed_percent":17.89153573238723,"total_world_attacks_percent":18.64406779661017},"Somalia":{"total_killed":91,"jihadis_killed":5,"civilians_killed":31,"military_killed":31,"police_killed":1,"officials_killed":14,"children_killed":2,"attacks_number":20,"report_numbers":[40,41,42,46,49,55,61,65,66,71,92,95,96,143,144,147,167,173,178,206],"total_world_killed_percent":4.612265585402939,"total_world_attacks_percent":8.47457627118644},"Philippines":{"total_killed":6,"jihadis_killed":0,"civilians_killed":0,"military_killed":6,"police_killed":0,"officials_killed":0,"children_killed":0,"attacks_number":1,"report_numbers":[43],"total_world_killed_percent":0.30410542321338063,"total_world_attacks_percent":0.423728813559322},"Saudi Arabia":{"total_killed":9,"jihadis_killed":2,"civilians_killed":5,"military_killed":2,"police_killed":0,"officials_killed":0,"children_killed":0,"attacks_number":2,"report_numbers":[45,83],"total_world_killed_percent":0.456158134820071,"total_world_attacks_percent":0.847457627118644},"Cameroon":{"total_killed":15,"jihadis_killed":10,"civilians_killed":3,"military_killed":2,"police_killed":0,"officials_killed":0,"children_killed":0,"attacks_number":3,"report_numbers":[56,127,176],"total_world_killed_percent":0.7602635580334516,"total_world_attacks_percent":1.2711864406779663},"Egypt":{"total_killed":4,"jihadis_killed":0,"civilians_killed":1,"military_killed":0,"police_killed":3,"officials_killed":0,"children_killed":0,"attacks_number":1,"report_numbers":[79],"total_world_killed_percent":0.20273694880892043,"total_world_attacks_percent":0.423728813559322},"Tunisia":{"total_killed":5,"jihadis_killed":0,"civilians_killed":0,"military_killed":5,"police_killed":0,"officials_killed":0,"children_killed":0,"attacks_number":1,"report_numbers":[86],"total_world_killed_percent":0.25342118601115055,"total_world_attacks_percent":0.423728813559322},"Kenya":{"total_killed":21,"jihadis_killed":0,"civilians_killed":20,"military_killed":0,"police_killed":1,"officials_killed":0,"children_killed":0,"attacks_number":2,"report_numbers":[100,101],"total_world_killed_percent":1.0643689812468322,"total_world_attacks_percent":0.847457627118644},"Israel":{"total_killed":1,"jihadis_killed":0,"civilians_killed":1,"military_killed":0,"police_killed":0,"officials_killed":0,"children_killed":0,"attacks_number":1,"report_numbers":[142],"total_world_killed_percent":0.05068423720223011,"total_world_attacks_percent":0.423728813559322},"Libya":{"total_killed":8,"jihadis_killed":0,"civilians_killed":3,"military_killed":5,"police_killed":0,"officials_killed":0,"children_killed":0,"attacks_number":3,"report_numbers":[199,200,231],"total_world_killed_percent":0.40547389761784086,"total_world_attacks_percent":1.2711864406779663},"India":{"total_killed":1,"jihadis_killed":0,"civilians_killed":1,"military_killed":0,"police_killed":0,"officials_killed":0,"children_killed":0,"attacks_number":1,"report_numbers":[228],"total_world_killed_percent":0.05068423720223011,"total_world_attacks_percent":0.423728813559322}},"incidentLookup":[null,"Afghanistan","Iraq","Yemen","Yemen","Afghanistan","Afghanistan","Afghanistan","Afghanistan","Afghanistan","Afghanistan","Afghanistan","Afghanistan","Afghanistan","Afghanistan","Afghanistan","Afghanistan","Afghanistan","Afghanistan","Afghanistan","Afghanistan","Afghanistan","Afghanistan","Afghanistan","Afghanistan","Afghanistan","Iraq","Iraq","Iraq","Pakistan","Nigeria","Syria","Syria","Syria","Syria","Syria","Syria","Syria","Syria","Syria","Somalia","Somalia","Somalia","Philippines","Nigeria","Saudi Arabia","Somalia","Pakistan","Afghanistan","Somalia","Pakistan","Afghanistan","Afghanistan","Afghanistan","Afghanistan","Somalia","Cameroon","Syria","Iraq","Iraq","Afghanistan","Somalia","Iraq","Syria","Syria","Somalia","Somalia","Afghanistan","Afghanistan","Afghanistan","Pakistan","Somalia",null,"Afghanistan","Iraq","Iraq","Iraq","Iraq","Syria","Egypt","Afghanistan","Afghanistan","Nigeria","Saudi Arabia","Iraq","Iraq","Tunisia","Syria","Pakistan","Pakistan","Pakistan","Pakistan","Somalia","Pakistan","Pakistan","Somalia","Somalia","Nigeria","Nigeria","Afghanistan","Kenya","Kenya","Nigeria","Iraq","Syria","Syria","Syria","Syria","Syria","Syria","Syria","Iraq","Iraq","Iraq","Iraq","Iraq","Syria","Iraq","Afghanistan","Afghanistan","Afghanistan","Nigeria","Afghanistan","Syria","Syria","Syria","Afghanistan","Cameroon","Afghanistan","Afghanistan","Syria","Pakistan","Pakistan","Pakistan","Afghanistan","Afghanistan","Afghanistan",null,"Pakistan","Pakistan","Pakistan","Syria","Israel","Somalia","Somalia",null,"Pakistan","Somalia","Nigeria","Afghanistan","Afghanistan","Syria","Syria","Syria","Syria","Syria","Syria","Syria","Syria","Pakistan","Iraq","Iraq","Iraq","Iraq","Afghanistan","Nigeria","Syria","Somalia","Yemen","Iraq","Yemen","Iraq","Iraq","Somalia","Pakistan","Iraq","Cameroon","Afghanistan","Somalia","Pakistan","Pakistan","Afghanistan","Afghanistan","Nigeria","Nigeria","Syria","Syria","Yemen","Syria","Iraq","Iraq","Afghanistan","Afghanistan","Afghanistan","Afghanistan","Nigeria","Syria","Syria","Pakistan","Libya","Libya","Nigeria","Nigeria","Afghanistan","Afghanistan","Afghanistan","Somalia","Afghanistan","Pakistan","Pakistan","Pakistan","Pakistan","Afghanistan","Afghanistan","Afghanistan","Iraq","Iraq","Nigeria","Pakistan","Afghanistan","Pakistan","Afghanistan","Afghanistan","Iraq","Nigeria","Nigeria","Afghanistan","Pakistan","India","Syria","Iraq","Libya","Syria","Iraq","Iraq","Syria","Iraq","Iraq","Afghanistan","Afghanistan"]}