{"countries":{"AFG":{"total_killed":767,"jihadis_killed":214,"civilians_killed":130,"military_killed":286,"police_killed":107,"officials_killed":20,"children_killed":3,"unknown_killed":11,"attacks_number":162,"report_numbers":[1,5,6,7,8,9,10,11,12,13,14,15,16,17,18,19,20,21,22,23,24,25,48,51,52,53,54,60,67,68,69,73,80,81,99,118,119,120,122,126,128,129,134,135,136,149,150,164,177,181,182,191,192,193,194,203,204,205,207,212,213,214,221,222,226,238,239,240,241,242,244,247,248,249,250,251,252,253,255,270,278,282,283,284,289,290,292,293,294,295,296,333,334,335,338,358,359,360,361,362,384,385,392,393,398,406,407,408,409,418,419,420,422,423,424,425,426,428,429,430,431,432,433,434,467,468,469,471,474,475,478,479,480,481,482,485,486,487,488,489,490,491,492,493,496,505,512,515,516,517,517,518,519,523,524,535,544,545,546,547,548,549],"group_totals":{"group_taliban":657,"group_unknown":41,"group_haqqani_network":59,"group_tehreek_i_taliban_pakistan":10},"method_totals":{"method_suicide_bomb":136,"method_bomb":46,"method_shooting":116,"method_ied_bomb":130,"method_car_bomb":21,"method_shelling":20,"method_ambush":211,"method_execution":2,"method_unknown":85},"total_world_killed_percent":17.266996848266547,"total_world_attacks_percent":26.17124394184168},"overview":{"total_killed":4442,"jihadis_killed":833,"civilians_killed":1596,"military_killed":1634,"police_killed":180,"officials_killed":82,"children_killed":83,"unknown_killed":130,"attacks_number":619,"report_numbers":[1,2,3,4,5,6,7,8,9,10,11,12,13,14,15,16,17,18,19,20,21,22,23,24,25,26,27,28,29,30,31,32,33,34,35,36,37,38,39,40,41,42,43,44,45,46,47,48,49,50,51,52,53,54,55,56,57,58,59,60,61,62,63,64,65,66,67,68,69,70,71,73,74,75,76,77,78,79,80,81,82,83,84,85,86,87,88,89,90,91,92,93,94,95,96,97,98,99,100,101,102,103,104,105,106,107,108,109,110,111,112,113,114,115,116,117,118,119,120,121,122,123,124,125,126,127,128,129,130,131,132,133,134,135,136,138,139,140,141,142,143,144,146,147,148,149,150,151,152,153,154,155,156,157,158,159,160,161,162,163,164,165,166,167,168,169,170,171,172,173,174,175,176,177,178,179,180,181,182,183,184,185,186,187,188,189,190,191,192,193,194,195,196,197,198,199,200,201,202,203,204,205,206,207,208,209,210,211,212,213,214,215,216,217,218,219,220,221,222,223,224,225,226,227,228,229,230,231,232,233,234,235,236,237,238,239,240,241,242,243,244,245,246,247,248,249,250,251,252,253,254,255,256,257,258,259,260,261,262,263,264,265,266,267,268,269,270,271,272,273,274,275,276,277,278,279,280,281,282,283,284,285,286,287,288,289,290,291,292,293,294,295,296,297,298,299,300,301,302,303,304,305,306,307,308,309,310,311,312,313,314,315,316,317,318,319,320,321,322,323,324,325,326,327,328,329,330,331,332,333,334,335,336,337,338,339,340,341,342,343,344,345,346,347,348,349,350,351,352,353,354,355,356,357,358,359,360,361,362,363,364,365,366,367,368,369,370,371,372,373,374,375,376,377,378,379,380,381,382,383,384,385,386,387,388,389,390,391,392,393,394,395,396,397,398,399,400,401,402,403,404,405,406,407,408,409,410,411,412,413,414,415,416,417,418,419,420,421,422,423,424,425,426,427,428,429,430,431,432,433,433,434,435,436,437,438,439,440,441,442,443,444,445,446,447,447,448,448,449,449,450,451,452,453,454,455,456,457,458,459,460,461,462,463,464,465,466,467,468,469,470,471,472,473,474,475,476,477,478,479,480,481,482,483,484,485,486,487,488,489,490,491,492,493,494,495,496,497,498,499,500,501,502,503,504,505,506,507,508,509,510,511,512,513,514,515,516,517,517,518,519,520,521,522,523,524,525,526,527,528,529,530,531,532,533,534,535,536,537,538,539,540,541,542,543,544,545,546,547,548,549,549,550,550,551,552,553,554,555,556,557,558,559,560,561,562,563,564,565,566,567,568,569,570,571,572,573,574,575,576,577,578,579,580,581,582,583,584,585,586,587,588,589,590,591,592,593,594,595,596,597,598,599,600,601,602,603,604,605,606,607,608,609,610,611,612,613,614,615],"group_totals":{"group_taliban":664,"group_is":1533,"group_aqap":154,"group_unknown":278,"goup_jondolla_taliban_(TTP)_jamaat_ul_ahrar":60,"group_boko_haram":776,"group_al_shabab":252,"group_abu_sayyaf":41,"group_tehreek_i_taliban_pakistan":152,"group_islamic_front":5,"group_jabhat_al_nusra":209,"group_terek-i-taliban":2,"group_islamic_jihad":1,"group_ansar_al_shariah_libya":28,"group_libya_dawn":4,"group_bangsamoro_islamic_freedom_fighters":9,"group_MUJAO":1,"group_ansar_al_shariah_yemen":136,"group_haqqani_network":59,"group_islamic_battalions":43,"group_ansar_al_islam_bangladesh":1,"group_ansar_al_bayt_al_maqdis":16,"group_lashkar_E_toiba":18},"method_totals":{"method_suicide_bomb":619,"method_car_bomb":320,"method_unknown":345,"method_shooting":1386,"method_bomb":145,"method_ied_bomb":519,"method_execution":189,"method_shelling":187,"method_ambush":640,"method_beheading":15,"method_other":27,"method_stabbing":50},"total_world_killed_percent":100,"total_world_attacks_percent":100},"IRQ":{"total_killed":1061,"jihadis_killed":132,"civilians_killed":378,"military_killed":455,"police_killed":46,"officials_killed":4,"children_killed":9,"unknown_killed":47,"attacks_number":157,"report_numbers":[2,26,27,28,58,59,62,74,75,76,77,84,85,103,111,112,113,114,115,117,160,161,162,163,169,171,172,175,189,190,215,216,223,230,233,234,236,237,254,262,308,309,310,311,312,313,314,315,316,317,318,319,320,321,322,323,324,325,326,327,328,329,330,331,332,344,350,352,357,363,364,365,366,367,368,369,370,371,372,373,374,375,376,386,397,410,411,412,413,435,436,437,438,439,440,441,442,443,444,445,446,447,447,448,449,464,472,476,498,499,500,501,530,534,554,555,556,557,558,559,560,561,562,563,564,565,566,567,568,569,570,571,572,573,574,575,576,577,578,579,580,581,582,583,584,585,586,587,588,589,590,591,592,593,594,595,596],"group_totals":{"group_is":1022,"group_unknown":34,"group_jabhat_al_nusra":5},"method_totals":{"method_car_bomb":257,"method_shooting":286,"method_ied_bomb":121,"method_unknown":114,"method_execution":41,"method_bomb":25,"method_suicide_bomb":38,"method_shelling":124,"method_ambush":55},"total_world_killed_percent":23.885637100405223,"total_world_attacks_percent":25.363489499192244},"YEM":{"total_killed":290,"jihadis_killed":37,"civilians_killed":39,"military_killed":214,"police_killed":0,"officials_killed":0,"children_killed":0,"unknown_killed":0,"attacks_number":34,"report_numbers":[3,4,168,170,187,297,298,377,378,379,380,394,455,456,457,458,459,460,461,473,508,520,522,553,601,602,603,604,605,606,607,608,609,610],"group_totals":{"group_aqap":154,"group_ansar_al_shariah_yemen":136},"method_totals":{"method_unknown":18,"method_shooting":78,"method_ied_bomb":68,"method_bomb":14,"method_shelling":8,"method_ambush":84,"method_car_bomb":18,"method_suicide_bomb":2},"total_world_killed_percent":6.528590724898694,"total_world_attacks_percent":5.492730210016155},"PAK":{"total_killed":254,"jihadis_killed":86,"civilians_killed":90,"military_killed":38,"police_killed":15,"officials_killed":17,"children_killed":5,"unknown_killed":8,"attacks_number":56,"report_numbers":[29,47,50,70,88,89,90,91,93,94,131,132,133,138,139,140,146,159,174,179,180,198,208,209,210,211,218,219,220,227,243,260,261,266,267,268,269,299,300,301,302,303,336,337,381,391,401,402,403,433,494,495,537,542,550,551],"group_totals":{"goup_jondolla_taliban_(TTP)_jamaat_ul_ahrar":60,"group_tehreek_i_taliban_pakistan":142,"group_unknown":38,"group_terek-i-taliban":2,"group_taliban":7,"group_lashkar_E_toiba":5},"method_totals":{"method_suicide_bomb":60,"method_shooting":115,"method_ied_bomb":35,"method_execution":2,"method_unknown":3,"method_ambush":5,"method_shelling":22,"method_car_bomb":4,"method_other":2,"method_bomb":5,"method_beheading":1},"total_world_killed_percent":5.718144979738857,"total_world_attacks_percent":9.046849757673666},"NGA":{"total_killed":863,"jihadis_killed":134,"civilians_killed":635,"military_killed":28,"police_killed":3,"officials_killed":16,"children_killed":57,"unknown_killed":57,"attacks_number":30,