{"countries":{"Afghanistan":{"total_killed":356,"jihadis_killed":117,"civilians_killed":57,"military_killed":104,"police_killed":54,"officials_killed":null,"children_killed":0,"attacks_number":82,"report_numbers":[1,5,6,7,8,9,10,11,12,13,14,15,16,17,18,19,20,21,22,23,24,25,48,51,52,53,54,60,67,68,69,73,80,81,99,118,119,120,122,126,128,129,134,135,136,149,150,164,177,181,182,191,192,193,194,203,204,205,207,212,213,214,219,221,222,226,238,239,240,241,242,244,247,248,249,250,251,252,253,255,270,278],"total_world_killed_percent":16.6044776119403,"total_world_attacks_percent":29.496402877697843},"Iraq":{"total_killed":479,"jihadis_killed":null,"civilians_killed":null,"military_killed":null,"police_killed":null,"officials_killed":null,"children_killed":null,"attacks_number":40,"report_numbers":[2,26,27,28,58,59,62,74,75,76,77,84,85,103,111,112,113,114,115,117,160,161,162,163,169,171,172,175,189,190,215,216,223,230,233,234,236,237,254,262],"total_world_killed_percent":22.34141791044776,"total_world_attacks_percent":14.388489208633093},"Yemen":{"total_killed":81,"jihadis_killed":36,"civilians_killed":14,"military_killed":31,"police_killed":0,"officials_killed":null,"children_killed":0,"attacks_number":5,"report_numbers":[3,4,168,170,187],"total_world_killed_percent":3.7779850746268653,"total_world_attacks_percent":1.7985611510791366},"Pakistan":{"total_killed":209,"jihadis_killed":76,"civilians_killed":82,"military_killed":25,"police_killed":8,"officials_killed":null,"children_killed":4,"attacks_number":36,"report_numbers":[29,47,50,70,88,89,90,91,93,94,131,132,133,138,139,140,146,159,174,179,180,198,208,209,210,211,218,220,227,243,260,261,266,267,268,269],"total_world_killed_percent":9.748134328358208,"total_world_attacks_percent":12.949640287769784},"Nigeria":{"total_killed":415,"jihadis_killed":88,"civilians_killed":249,"military_killed":3,"police_killed":3,"officials_killed":null,"children_killed":57,"attacks_number":17,"report_numbers":[30,44,82,97,98,102,121,148,165,183,184,195,201,202,217,224,225],"total_world_killed_percent":19.35634328358209,"total_world_attacks_percent":6.115107913669065},"Syria":{"total_killed":377,"jihadis_killed":78,"civilians_killed":146,"military_killed":152,"police_killed":0,"officials_killed":null,"children_killed":2,"attacks_number":50,"report_numbers":[31,32,33,34,35,36,37,38,39,57,63,64,87,104,105,106,107,108,109,110,116,123,124,125,130,141,151,152,153,154,155,156,157,158,166,185,186,188,196,197,229,232,235,246,256,276,277,279,280,281],"total_world_killed_percent":17.583955223880597,"total_world_attacks_percent":17.985611510791365},"Somalia":{"total_killed":113,"jihadis_killed":5,"civilians_killed":32,"military_killed":51,"police_killed":1,"officials_killed":null,"children_killed":2,"attacks_number":24,"report_numbers":[40,41,42,46,49,55,61,65,66,71,92,95,96,143,144,147,167,173,178,206,245,263,264,265],"total_world_killed_percent":5.270522388059701,"total_world_attacks_percent":8.633093525179856},"Philippines":{"total_killed":49,"jihadis_killed":23,"civilians_killed":13,"military_killed":13,"police_killed":0,"officials_killed":0,"children_killed":2,"attacks_number":9,"report_numbers":[43,257,258,259,271,272,273,274,275],"total_world_killed_percent":2.28544776119403,"total_world_attacks_percent":3.237410071942446},"Saudi Arabia":{"total_killed":9,"jihadis_killed":2,"civilians_killed":5,"military_killed":2,"police_killed":0,"officials_killed":0,"children_killed":0,"attacks_number":2,"report_numbers":[45,83],"total_world_killed_percent":0.4197761194029851,"total_world_attacks_percent":0.7194244604316548},"Cameroon":{"total_killed":15,"jihadis_killed":10,"civilians_killed":3,"military_killed":2,"police_killed":0,"officials_killed":0,"children_killed":0,"attacks_number":3,"report_numbers":[56,127,176],"total_world_killed_percent":0.6996268656716418,"total_world_attacks_percent":1.079136690647482},"Syria ":{"total_killed":1,"jihadis_killed":0,"civilians_killed":0,"military_killed":1,"police_killed":0,"officials_killed":0,"children_killed":0,"attacks_number":1,"report_numbers":[78],"total_world_killed_percent":0.046641791044776115,"total_world_attacks_percent":0.3597122302158274},"Egypt":{"total_killed":4,"jihadis_killed":0,"civilians_killed":1,"military_killed":0,"police_killed":3,"officials_killed":0,"children_killed":0,"attacks_number":1,"report_numbers":[79],"total_world_killed_percent":0.18656716417910446,"total_world_attacks_percent":0.3597122302158274},"Tunisia":{"total_killed":5,"jihadis_killed":0,"civilians_killed":0,"military_killed":5,"police_killed":0,"officials_killed":0,"children_killed":0,"attacks_number":1,"report_numbers":[86],"total_world_killed_percent":0.23320895522388058,"total_world_attacks_percent":0.3597122302158274},"Kenya":{"total_killed":21,"jihadis_killed":0,"civilians_killed":20,"military_killed":0,"police_killed":1,"officials_killed":0,"children_killed":0,"attacks_number":2,"report_numbers":[100,101],"total_world_killed_percent":0.9794776119402986,"total_world_attacks_percent":0.7194244604316548},"Israel":{"total_killed":1,"jihadis_killed":0,"civilians_killed":1,"military_killed":0,"police_killed":0,"officials_killed":0,"children_killed":0,"attacks_number":1,"report_numbers":[142],"total_world_killed_percent":0.046641791044776115,"total_world_attacks_percent":0.3597122302158274},"Libya":{"total_killed":8,"jihadis_killed":0,"civilians_killed":3,"military_killed":5,"police_killed":0,"officials_killed":0,"children_killed":0,"attacks_number":3,"report_numbers":[199,200,231],"total_world_killed_percent":0.3731343283582089,"total_world_attacks_percent":1.079136690647482},"India":{"total_killed":1,"jihadis_killed":0,"civilians_killed":1,"military_killed":0,"police_killed":0,"officials_killed":0,"children_killed":0,"attacks_number":1,"report_numbers":[228],"total_world_killed_percent":0.046641791044776115,"total_world_attacks_percent":0.3597122302158274}},