{"countries":{"AFG":{"total_killed":782,"jihadis_killed":248,"civilians_killed":123,"military_killed":285,"police_killed":95,"officials_killed":21,"children_killed":2,"unknown_killed":10,"attacks_number":152,"report_numbers":[1,5,6,7,8,9,10,11,12,13,14,15,17,18,19,20,21,22,23,24,25,48,51,52,53,54,60,67,68,69,73,80,81,99,118,120,122,126,128,129,134,135,136,149,150,164,177,181,182,191,192,193,194,207,212,213,214,221,222,226,238,239,240,241,242,244,247,248,249,250,251,252,253,270,278,282,283,284,289,290,292,293,294,295,296,333,334,335,358,359,360,384,385,393,408,418,419,420,422,423,424,425,426,428,429,430,431,432,433,434,467,468,469,474,478,479,480,481,482,485,486,487,488,489,490,491,492,493,496,505,512,515,516,517,517,518,519,523,524,535,544,545,546,547,548,549,618,619,728,729,734,735],"group_totals":{"group_taliban":713,"group_haqqani_network":59,"group_tehreek_i_taliban_pakistan":10},"method_totals":{"method_suicide_bomb":169,"method_bomb":45,"method_shooting":145,"method_ied_bomb":120,"method_car_bomb":15,"method_shelling":19,"method_ambush":173,"method_execution":2,"method_unknown":94},"total_world_killed_percent":15.509718365727887,"total_world_attacks_percent":22.89156626506024},"overview":{"total_killed":5042,"jihadis_killed":935,"civilians_killed":2079,"military_killed":1723,"police_killed":146,"officials_killed":83,"children_killed":84,"unknown_killed":76,"attacks_number":664,"report_numbers":[1,2,3,4,5,6,7,8,9,10,11,12,13,14,15,17,18,19,20,21,22,23,24,25,26,27,28,29,30,31,34,35,36,37,38,39,40,41,42,43,44,46,47,48,49,50,51,52,53,54,55,56,57,58,59,60,61,62,63,64,65,66,67,68,69,70,71,73,74,75,76,77,80,81,97,98,99,100,101,102,103,104,105,106,107,108,109,110,111,112,113,114,115,116,117,118,120,121,122,123,124,125,126,127,128,129,130,131,132,133,134,135,136,138,139,140,141,143,144,146,147,148,149,150,151,152,160,161,162,163,164,165,166,167,168,169,170,173,174,175,176,177,178,179,180,181,182,183,185,186,187,188,189,190,191,192,193,194,195,196,197,199,200,201,202,206,207,209,210,211,212,213,214,215,216,217,218,219,220,221,222,223,224,225,226,227,229,230,232,233,234,235,236,237,238,239,240,241,242,243,244,245,246,247,248,249,250,251,252,253,254,256,257,258,259,260,261,262,263,264,265,266,270,271,272,273,275,276,277,278,279,280,281,282,283,284,285,286,287,288,289,290,291,292,293,294,295,296,297,298,299,300,301,302,303,304,305,306,307,308,309,310,311,312,313,314,315,316,317,318,319,320,321,322,323,324,325,326,327,328,329,330,331,332,333,334,335,336,337,339,340,341,342,343,344,345,348,349,350,351,353,355,356,357,358,359,360,363,364,365,366,367,368,369,370,371,372,373,374,375,376,377,378,379,380,382,383,384,385,386,387,388,389,390,393,394,399,400,405,408,410,411,412,413,414,415,416,417,418,419,420,422,423,424,425,426,427,428,429,430,431,432,433,434,435,436,437,438,439,440,441,442,443,444,445,446,447,447,448,448,449,449,450,452,453,455,456,457,458,459,460,462,463,464,465,466,467,468,469,470,472,473,474,476,477,478,479,480,481,482,483,484,485,486,487,488,489,490,491,492,493,495,496,497,498,499,500,501,503,504,505,506,507,508,509,510,511,512,513,514,515,516,517,517,518,519,520,521,522,523,524,525,526,527,528,529,530,531,532,533,534,535,544,545,546,547,548,549,552,553,554,555,556,557,558,559,560,561,562,563,564,565,566,567,568,569,570,571,572,573,574,575,576,577,578,579,580,581,582,583,584,585,586,587,588,589,590,591,592,593,594,595,596,597,598,599,600,601,602,603,604,605,606,607,608,609,610,611,612,613,614,615,617,618,619,620,621,622,623,624,625,626,627,628,629,630,631,632,633,634,637,638,639,640,641,642,643,644,645,646,647,648,651,652,653,654,655,656,657,658,659,660,661,662,663,664,665,666,667,668,669,670,671,672,673,674,676,677,678,679,680,682,683,684,685,686,687,688,689,690,691,692,693,694,695,696,697,698,699,700,701,702,703,704,705,706,707,708,709,710,711,712,713,714,715,716,717,718,719,720,721,722,723,724,725,726,727,728,729,730,731,732,733,734,735,736,737,738,739,740,741,742,743,744,745,746,747,748,749,750,751,752,753,754],"group_totals":{"group_taliban":720,"group_is":2206,"group_aqap":410,"group_jamaat_e_ahrar":60,"group_boko_haram":801,"group_al_shabab":266,"group_abu_sayyaf":41,"group_tehreek_i_taliban_pakistan":146,"group_jabhat_al_nusra":257,"group_ansar_al_shariah_libya":39,"group_bangsamoro_islamic_freedom_fighters":9,"group_mujao":1,"group_haqqani_network":59,"group_jundullah":4,"group_ansar_beit_al_maqdis":5,"group_lashkar_e_taiba":18},"method_totals":{"method_suicide_bomb":650,"method_car_bomb":307,"method_unknown":441,"method_shooting":1574,"method_bomb":141,"method_ied_bomb":555,"method_execution":426,"method_shelling":204,"method_ambush":666,"method_other":29,"method_stabbing":49},"total_world_killed_percent":100,"total_world_attacks_percent":100},"IRQ":{"total_killed":1770,"jihadis_killed":292,"civilians_killed":815,"military_killed":562,"police_killed":32,"officials_killed":13,"children_killed":11,"unknown_killed":56,"attacks_number":233,"report_numbers":[2,26,27,28,58,59,62,74,75,76,77,103,111,112,113,114,115,116,117,160,161,162,163,169,175,189,190,215,216,223,230,233,234,236,237,254,262,308,309,310,311,312,313,314,315,316,317,318,319,320,321,322,323,324,325,326,327,328,329,330,331,332,344,350,357,363,364,365,366,367,368,369,370,371,372,373,374,375,376,386,410,411,412,413,435,436,437,438,439,440,441,442,443,444,445,446,447,447,448,449,464,472,476,498,499,500,501,530,534,554,555,556,557,558,559,560,561,562,563,564,565,566,567,568,569,570,571,572,573,574,575,576,577,578,579,580,581,582,583,584,585,586,587,588,589,590,591,592,593,594,595,596,625,627,628,629,630,631,632,633,638,639,640,641,642,644,646,647,648,658,659,660,661,662,663,664,665,666,667,668,669,670,671,672,674,678,679,683,684,685,686,687,688,689,690,691,692,693,694,695,696,697,698,699,700,701,702,703,704,705,706,707,708,709,710,711,712,713,714,715,716,717,718,719,720,721,722,723,724,725,727,730,731],"group_totals":{"group_is":1765,"group_jabhat_al_nusra":5},"method_totals":{"method_car_bomb":264,"method_shooting":357,"method_ied_bomb":171,"method_unknown":223,"method_execution":301,"method_bomb":36,"method_suicide_bomb":47,"method_shelling":139,"method_ambush":229,"method_other":3},"total_world_killed_percent":35.10511701705673,"total_world_attacks_percent":35.09036144578313},"YEM":{"total_killed":410,"jihadis_killed":37,"civilians_killed":138,"military_killed":235,"police_killed":0,"officials_killed":0,"children_killed":0,"unknown_killed":0,"attacks_number":37,"report_numbers":[3,4,168,170,187,297,298,377,378,379,380,394,455,456,457,458,459,460,473,508,520,522,553,601,602,603,604,605,606,607,608,609,610,652,676,732,733],"group_totals":{"group_aqap":410},"method_totals":{"method_unknown":18,"method_shooting":177,"method_ied_bomb":68,"method_car_bomb":18,"method_bomb":2,"method_shelling":9,"method_ambush":84,"method_suicide_bomb":22,"method_execution":12},"total_world_killed_percent":8.131693772312575,"total_world_attacks_percent":5.572289156626506},"PAK":{"total_killed":212,"jihadis_killed":76,"civilians_killed":70,"military_killed":35,"police_killed":13,"officials_killed":11,"children_killed":4,"unknown_killed":7,"attacks_number":35,"report_numbers":[29,47,50,70,131,132,133,138,139,140,146,174,179,180,209,210,211,218,219,220,227,243,260,261,266,299,300,301,302,303,336,337,495,617,680],"group_totals":{"group_jamaat_e_ahrar":60,"group_tehreek_i_taliban_pakistan":136,"group_taliban":7,"group_jundullah":4,"group_lashkar_e_taiba":5},"method_totals":{"method_suicide_bomb":60,"method_shooting":91,"method_ied_bomb":29,"method_shelling":21,"method_bomb":6,"method_unknown":5},"total_world_killed_percent":4.204680682268941,"total_world_attacks_percent":5.271084337349398},"NGA":{"total_killed":786,"jihadis_killed":59,"civilians_killed":681,"military_killed":28,"police_killed":3,"officials_killed":15,"children_killed":57,"unknown_killed":0,"attacks_number":27,"report_numbers":[30,44,97,98,102,121,148,165,183,195,201,202,217,224,225,287,348,382,383,477,510,513,526,527,528,529,552],