{"countries":{"SOM":{"total_killed":216,"jihadis_killed":18,"civilians_killed":28,"military_killed":145,"police_killed":1,"officials_killed":22,"children_killed":2,"unknown_killed":2,"attacks_number":37,"report_numbers":[726,462,511,427,55,483,46,245,143,42,65,71,144,621,49,40,41,61,66,178,147,167,173,206,285,265,263,264,286,304,305,484,533,620,622,463,682],"group_totals":{"group_al_shabab":216},"method_totals":{"method_ambush":73,"method_bomb":6,"method_car_bomb":2,"method_execution":8,"method_ied_bomb":34,"method_shooting":90,"method_unknown":3},"total_world_killed_percent":4.281466798810704,"total_world_attacks_percent":5.555555555555555},"overview":{"total_killed":5045,"jihadis_killed":935,"civilians_killed":2027,"military_killed":1723,"police_killed":147,"officials_killed":84,"children_killed":84,"unknown_killed":142,"attacks_number":666,"report_numbers":[726,57,53,60,318,686,67,322,455,325,459,462,369,128,182,517,520,521,447,554,517,518,225,556,513,244,597,241,487,488,489,490,491,492,512,292,598,289,468,465,472,573,467,469,356,599,600,511,612,715,428,429,431,427,423,476,420,720,478,479,480,524,481,548,63,741,107,744,199,200,522,229,750,466,353,55,5,312,69,690,135,136,161,368,187,209,516,234,298,242,261,583,707,248,266,290,295,589,575,432,434,581,595,639,424,413,509,483,477,508,669,671,549,46,2,48,27,28,103,109,175,457,111,113,114,115,697,162,461,169,189,215,216,445,246,245,233,236,237,559,703,240,566,709,359,580,596,411,386,412,658,736,683,31,737,687,688,738,739,81,689,691,692,742,695,143,195,112,116,745,746,698,166,190,196,748,223,230,705,706,307,708,291,306,339,710,349,711,752,713,753,357,399,400,754,410,405,415,717,534,724,50,74,76,56,8,11,14,54,42,65,58,310,19,71,316,319,320,68,70,323,324,693,174,102,327,458,139,330,363,365,144,132,133,179,121,367,370,730,118,122,126,134,150,170,460,601,602,146,180,371,372,374,375,165,436,439,627,628,442,443,191,192,207,523,446,555,221,334,515,227,604,560,561,243,563,584,250,270,278,293,564,586,282,294,570,572,394,606,607,337,608,576,577,591,430,380,610,355,578,630,631,735,632,638,641,642,654,646,385,422,425,426,657,527,660,661,662,664,667,419,672,553,535,621,679,544,545,547,51,308,313,326,743,138,329,332,696,129,747,164,181,440,453,258,218,273,239,253,562,582,568,485,588,714,379,609,579,652,655,723,4,49,47,100,101,6,7,9,10,12,13,52,34,35,36,37,38,39,40,41,61,66,43,26,59,309,311,685,15,17,18,20,21,22,23,24,25,73,99,64,62,97,321,80,456,104,105,106,98,110,331,176,117,160,364,127,123,124,125,130,178,131,366,168,147,140,183,373,185,186,167,173,435,438,702,188,206,201,732,733,197,257,259,210,211,212,214,519,450,514,285,219,220,448,232,235,275,260,447,449,629,734,297,603,256,265,271,272,262,238,335,277,263,264,299,303,247,251,493,276,279,280,281,300,301,302,288,565,567,585,587,284,296,486,605,286,304,305,484,336,287,569,571,283,340,341,342,343,344,350,574,470,751,345,614,615,351,592,360,613,387,388,389,390,637,382,528,529,643,633,640,644,417,645,651,653,647,648,393,414,416,497,503,504,656,495,500,501,533,526,498,499,663,666,668,525,531,552,674,721,624,626,620,622,617,678,740,347,348,1,29,44,449,694,177,148,120,700,437,731,441,193,194,217,444,213,224,226,557,558,254,333,383,496,473,659,418,482,532,510,530,474,505,676,673,618,619,3,75,77,684,727,30,314,315,317,728,729,328,149,448,452,376,699,163,202,463,222,252,611,249,590,712,464,593,594,358,377,378,680,634,716,408,433,384,718,719,665,623,670,506,507,677,682,625,722,725,546,108,141,151,152,701,749,704],"group_totals":{"group_al_shabab":266,"group_is":2206,"group_taliban":720,"group_ansar_al_shariah_yemen":268,"group_aqap":154,"group_lashkar_e_toiba":18,"group_tehreek_i_taliban_pakistan":146,"group_boko_haram":791,"group_jabhat_al_nusra":257,"group_ansar_al_shariah_libya":39,"group_bangsamoro_islamic_freedom_fighters":9,"group_abu_sayyaf":41,"group_mujao":1,"group_jundullah":4,"group_ansar_al_islam_bangladesh":1,"group_jundullah_/_ttp_/_jamaat_ul_ahrar_":60,"group_haqqani_network":59,"group_ansar_bayt_al_maqdis":5},"method_totals":{"method_ambush":666,"method_beheading":50,"method_bomb":143,"method_car_bomb":307,"method_execution":376,"method_ied_bomb":555,"method_shelling":204,"method_shooting":1574,"method_stabbing":50,"method_suicide_bomb":650,"method_unknown":441,"method_other":29},"total_world_killed_percent":100,"total_world_attacks_percent":100},"SYR":{"total_killed":693,"jihadis_killed":166,"civilians_killed":150,"military_killed":372,"police_killed":0,"officials_killed":2,"children_killed":6,"unknown_killed":4,"attacks_number":110,"report_numbers":[57,597,598,465,356,599,600,63,741,107,744,229,750,466,353,509,109,246,736,31,737,738,739,742,745,746,166,196,748,307,291,306,339,349,752,753,399,400,754,405,415,355,743,747,453,655,34,35,36,37,38,39,64,104,105,106,110,123,124,125,130,185,186,188,197,450,514,232,235,256,277,276,279,280,281,340,341,342,343,470,751,387,388,389,390,637,417,645,651,414,416,497,503,504,656,531,624,626,740,449,532,673,448,452,634,108,141,151,152,749],"group_totals":{"group_is":441,"group_jabhat_al_nusra":252},"method_totals":{"method_ambush":76,"method_beheading":34,"method_bomb":1,"method_car_bomb":8,"method_execution":50,"method_ied_bomb":22,"method_shelling":12,"method_shooting":367,"method_stabbing":1,"method_suicide_bomb":42,"method_unknown":54,"method_other":26},"total_world_killed_percent":13.736372646184341,"total_world_attacks_percent":16.516516516516518},"AFG":{"total_killed":782,"jihadis_killed":248,"civilians_killed":124,"military_killed":285,"police_killed":95,"officials_killed":21,"children_killed":2,"unknown_killed":10,"attacks_number":152,"report_numbers":[53,60,67,128,182,517,517,518,244,241,487,488,489,490,491,492,512,292,289,468,467,469,428,429,431,423,420,478,479,480,524,481,548,5,69,135,136,516,242,248,290,295,432,434,424,549,48,240,359,81,8,11,14,54,19,68,118,122,126,134,150,191,192,207,523,221,334,515,250,270,278,293,282,294,430,735,385,422,425,426,419,535,544,545,547,51,129,164,181,239,253,485,6,7,9,10,12,13,52,15,17,18,20,21,22,23,24,25,73,99,80,212,214,519,734,238,335,247,251,493,284,296,486,283,360,393,1,177,120,193,194,213,226,333,496,418,482,474,505,618,619,728,729,149,222,252,249,358,408,433,384,546],"group_totals":{"group_taliban":713,"group_tehreek_i_taliban_pakistan":10,"group_haqqani_network":59},"method_totals":{"method_ambush":173,"method_bomb":45,"method_car_bomb":15,"method_execution":2,"method_ied_bomb":120,"method_shelling":19,"method_shooting":145,"method_suicide_bomb":169,"method_unknown":94},"total_world_killed_percent":15.50049554013875,"total_world_attacks_percent":22.822822822822822},"IRQ":{"total_killed":1770,"jihadis_killed":292,"civilians_killed":809,"military_killed":562,"police_killed":33,"officials_killed":13,"children_killed":11,"unknown_killed":62,"attacks_number":233,"report_numbers":[318,686,322,325,369,447,554,556,472,573,715,476,720,312,690,161,368,234,583,707,589,575,581,595,639,413,669,671,2,27,28,103,175,111,113,114,115,697,162,169,189,215,216,445,233,236,237,559,703,566,709,580,596,411,386,412,658,683,687,688,689,691,692,695,112,116,698,190,223,230,705,706,708,710,711,713,357,410,717,534,724,74,76,58,310,316,319,320,323,324,693,327,330,363,365,367,370,730,371,372,374,375,436,439,627,628,442,443,446,555,560,561,563,584,564,586,570,572,576,577,591,578,630,631,632,638,641,642,646,660,661,662,664,667,672,679,308,313,326,329,332,696,440,562,582,568,588,714,579,723,26,59,309,311,685,62,321,331,117,160,364,366,373,435,438,702,448,447,449,629,262,565,567,585,587,569,571,344,350,574,592,633,640,644,647,648,500,501,498,499,663,666,668,674,721,678,694,700,437,731,441,444,557,558,254,659,530,75,77,684,727,314,315,317,328,376,699,163,590,712,464,593,594,716,718,719,665,670,625,722,725,701,704],"group_totals":{"group_is":1765,"group_jabhat_al_nusra":5},"method_totals":{"method_ambush":229,"method_bomb":36,"method_car_bomb":264,"method_execution":301,"method_ied_bomb":171,"method_shelling":139,"method_shooting":357,"method_suicide_bomb":47,"method_unknown":223,"method_other":3},