{"countries":{"Afghanistan":{"total_killed":356,"jihadis_killed":117,"civilians_killed":57,"military_killed":104,"police_killed":54,"officials_killed":11,"children_killed":0,"unknown_killed":13,"attacks_number":82,"report_numbers":[1,5,6,7,8,9,10,11,12,13,14,15,16,17,18,19,20,21,22,23,24,25,48,51,52,53,54,60,67,68,69,73,80,81,99,118,119,120,122,126,128,129,134,135,136,149,150,164,177,181,182,191,192,193,194,203,204,205,207,212,213,214,219,221,222,226,238,239,240,241,242,244,247,248,249,250,251,252,253,255,270,278],"group_totals":{"Taliban":340,"Unknown":16},"total_world_killed_percent":16.6044776119403,"total_world_attacks_percent":29.496402877697843},"overview":{"total_killed":2144,"jihadis_killed":478,"civilians_killed":895,"military_killed":488,"police_killed":96,"officials_killed":61,"children_killed":76,"unknown_killed":127,"attacks_number":278,"report_numbers":[1,2,3,4,5,6,7,8,9,10,11,12,13,14,15,16,17,18,19,20,21,22,23,24,25,26,27,28,29,30,31,32,33,34,35,36,37,38,39,40,41,42,43,44,45,46,47,48,49,50,51,52,53,54,55,56,57,58,59,60,61,62,63,64,65,66,67,68,69,70,71,73,74,75,76,77,78,79,80,81,82,83,84,85,86,87,88,89,90,91,92,93,94,95,96,97,98,99,100,101,102,103,104,105,106,107,108,109,110,111,112,113,114,115,116,117,118,119,120,121,122,123,124,125,126,127,128,129,130,131,132,133,134,135,136,138,139,140,141,142,143,144,146,147,148,149,150,151,152,153,154,155,156,157,158,159,160,161,162,163,164,165,166,167,168,169,170,171,172,173,174,175,176,177,178,179,180,181,182,183,184,185,186,187,188,189,190,191,192,193,194,195,196,197,198,199,200,201,202,203,204,205,206,207,208,209,210,211,212,213,214,215,216,217,218,219,220,221,222,223,224,225,226,227,228,229,230,231,232,233,234,235,236,237,238,239,240,241,242,243,244,245,246,247,248,249,250,251,252,253,254,255,256,257,258,259,260,261,262,263,264,265,266,267,268,269,270,271,272,273,274,275,276,277,278,279,280,281],"group_totals":{"Taliban":435,"IS":681,"AQAP":81,"Unknown":180,"Jondollah, Taliban (TTP), Jamaat ul-Ahrar":60,"Boko Haram":359,"Shabab":20,"Abu Sayyaf":39,"Al Shabab":12,"Al-Shabab":90,"Islamic Front":1,"Jabhat Al-Nusra":129,"Tehreek-i-Taliban Pakistan":23,"Islamic Jihad":1,"Ansar al-Shariah":4,"Tehreek-e-Taliban":13,"Libya Dawn":4,"Bangsamoro Islamic Freedom Fighters":9,"ISIS":3},"total_world_killed_percent":100,"total_world_attacks_percent":100},"Iraq":{"total_killed":479,"jihadis_killed":43,"civilians_killed":268,"military_killed":94,"police_killed":26,"officials_killed":1,"children_killed":9,"unknown_killed":47,"attacks_number":40,"report_numbers":[2,26,27,28,58,59,62,74,75,76,77,84,85,103,111,112,113,114,115,117,160,161,162,163,169,171,172,175,189,190,215,216,223,230,233,234,236,237,254,262],"group_totals":{"IS":439,"Unknown":35,"Jabhat Al-Nusra":5},"total_world_killed_percent":22.34141791044776,"total_world_attacks_percent":14.388489208633093},"Yemen":{"total_killed":81,"jihadis_killed":36,"civilians_killed":14,"military_killed":31,"police_killed":0,"officials_killed":0,"children_killed":0,"unknown_killed":0,"attacks_number":5,"report_numbers":[3,4,168,170,187],"group_totals":{"AQAP":81},"total_world_killed_percent":3.7779850746268653,"total_world_attacks_percent":1.7985611510791366},"Pakistan":{"total_killed":209,"jihadis_killed":76,"civilians_killed":82,"military_killed":25,"police_killed":8,"officials_killed":11,"children_killed":4,"unknown_killed":7,"attacks_number":36,"report_numbers":[29,47,50,70,88,89,90,91,93,94,131,132,133,138,139,140,146,159,174,179,180,198,208,209,210,211,218,220,227,243,260,261,266,267,268,269],"group_totals":{"Jondollah, Taliban (TTP), Jamaat ul-Ahrar":60,"Taliban":95,"Unknown":18,"Tehreek-i-Taliban Pakistan":23,"Tehreek-e-Taliban":13},"total_world_killed_percent":9.748134328358208,"total_world_attacks_percent":12.949640287769784},"Nigeria":{"total_killed":415,"jihadis_killed":88,"civilians_killed":249,"military_killed":3,"police_killed":3,"officials_killed":15,"children_killed":57,"unknown_killed":57,"attacks_number":17,"report_numbers":[30,44,82,97,98,102,121,148,165,183,184,195,201,202,217,224,225],"group_totals":{"Boko Haram":344,"Unknown":58,"IS":13},"total_world_killed_percent":19.35634328358209,"total_world_attacks_percent":6.115107913669065},"Syria":{"total_killed":377,"jihadis_killed":78,"civilians_killed":146,"military_killed":152,"police_killed":0,"officials_killed":2,"children_killed":2,"unknown_killed":0,"attacks_number":50,"report_numbers":[31,32,33,34,35,36,37,38,39,57,63,64,87,104,105,106,107,108,109,110,116,123,124,125,130,141,151,152,153,154,155,156,157,158,166,185,186,188,196,197,229,232,235,246,256,276,277,279,280,281],"group_totals":{"IS":229,"Unknown":21,"Jabhat Al-Nusra":124,"ISIS":3},"total_world_killed_percent":17.583955223880597,"total_world_attacks_percent":17.985611510791365},"Somalia":{"total_killed":113,"jihadis_killed":5,"civilians_killed":32,"military_killed":51,"police_killed":1,"officials_killed":21,"children_killed":2,"unknown_killed":3,"attacks_number":24,"report_numbers":[40,41,42,46,49,55,61,65,66,71,92,95,96,143,144,147,167,173,178,206,245,263,264,265],"group_totals":{"Shabab":20,"Al Shabab":12,"Al-Shabab":69,"Unknown":12},"total_world_killed_percent":5.270522388059701,"total_world_attacks_percent":8.633093525179856},"Philippines":{"total_killed":49,"jihadis_killed":23,"civilians_killed":13,"military_killed":13,"police_killed":0,"officials_killed":0,"children_killed":2,"unknown_killed":0,"attacks_number":9,"report_numbers":[43,257,258,259,271,272,273,274,275],"group_totals":{"Abu Sayyaf":39,"Bangsamoro Islamic Freedom Fighters":9,"Unknown":1},"total_world_killed_percent":2.28544776119403,"total_world_attacks_percent":3.237410071942446},"Saudi Arabia":{"total_killed":9,"jihadis_killed":2,"civilians_killed":5,"military_killed":2,"police_killed":0,"officials_killed":0,"children_killed":0,"unknown_killed":0,"attacks_number":2,"report_numbers":[45,83],"group_totals":{"Unknown":9},"total_world_killed_percent":0.4197761194029851,"total_world_attacks_percent":0.7194244604316548},"Cameroon":{"total_killed":15,"jihadis_killed":10,"civilians_killed":3,"military_killed":2,"police_killed":0,"officials_killed":0,"children_killed":0,"unknown_killed":0,"attacks_number":3,"report_numbers":[56,127,176],"group_totals":{"Boko Haram":15},"total_world_killed_percent":0.6996268656716418,"total_world_attacks_percent":1.079136690647482},"Syria ":{"total_killed":1,"jihadis_killed":0,"civilians_killed":0,"military_killed":1,"police_killed":0,"officials_killed":0,"children_killed":0,"unknown_killed":0,"attacks_number":1,"report_numbers":[78],"group_totals":{"Islamic Front":1},"total_world_killed_percent":0.046641791044776115,"total_world_attacks_percent":0.3597122302158274},"Egypt":{"total_killed":4,"jihadis_killed":0,"civilians_killed":1,"military_killed":0,"police_killed":3,"officials_killed":0,"children_killed":0,"unknown_killed":0,"attacks_number":1,"report_numbers":[79],"group_totals":{"Unknown":4},"total_world_killed_percent":0.18656716417910446,"total_world_attacks_percent":0.3597122302158274},"Tunisia":{"total_killed":5,"jihadis_killed":0,"civilians_killed":0,"military_killed":5,"police_killed":0,"officials_killed":0,"children_killed":0,"unknown_killed":0,"attacks_number":1,"report_numbers":[86],"group_totals":{"Unknown":5},"total_world_killed_percent":0.23320895522388058,"total_world_attacks_percent":0.3597122302158274},"Kenya":{"total_killed":21,"jihadis_killed":0,"civilians_killed":20,"military_killed":0,"police_killed":1,"officials_killed":0,"children_killed":0,"unknown_killed":0,"attacks_number":2,"report_numbers":[100,101],"group_totals":{"Al-Shabab":21},"total_world_killed_percent":0.9794776119402986,"total_world_attacks_percent":0.7194244604316548},"Israel":{"total_killed":1,"jihadis_killed":0,"civilians_killed":1,"military_killed":0,"police_killed":0,"officials_killed":0,"children_killed":0,"unknown_killed":0,"attacks_number":1,"report_numbers":[142],"group_totals":{"Islamic Jihad":1},"total_world_killed_percent":0.046641791044776115,